repetition,seed,fold,model,n_test,mae_days,selected_alpha
0,20260816,0,median,8,6.5,
0,20260816,0,covariates,8,6.473106656909212,1000.0
0,20260816,0,panel,8,3.8198753594208466,5.623413251903491
0,20260816,0,combined,8,4.197131157161904,56.23413251903491
0,20260816,1,median,9,5.777777777777778,
0,20260816,1,covariates,9,5.692245608937898,100.0
0,20260816,1,panel,9,4.432992627459181,17.78279410038923
0,20260816,1,combined,9,4.294112439490972,31.622776601683793
0,20260816,2,median,11,1.8181818181818181,
0,20260816,2,covariates,11,2.281807440135049,31.622776601683793
0,20260816,2,panel,11,1.5118914127845877,31.622776601683793
0,20260816,2,combined,11,1.968562022959498,31.622776601683793
0,20260816,3,median,12,3.5833333333333335,
0,20260816,3,covariates,12,4.094672083411985,100.0
0,20260816,3,panel,12,2.7910164597362255,31.622776601683793
0,20260816,3,combined,12,3.135278532990572,56.23413251903491
0,20260816,4,median,9,3.9444444444444446,
0,20260816,4,covariates,9,3.7798629707204685,1000.0
0,20260816,4,panel,9,1.1229172568708772,56.23413251903491
0,20260816,4,combined,9,1.7753123911450739,56.23413251903491
1,20260817,0,median,9,6.444444444444445,
1,20260817,0,covariates,9,6.9305390292000375,10.0
1,20260817,0,panel,9,3.3283610454687937,31.622776601683793
1,20260817,0,combined,9,4.980353699747342,17.78279410038923
1,20260817,1,median,10,3.4,
1,20260817,1,covariates,10,3.3808468826690556,31.622776601683793
1,20260817,1,panel,10,2.265387797993776,31.622776601683793
1,20260817,1,combined,10,2.4067634284503114,31.622776601683793
1,20260817,2,median,9,2.6666666666666665,
1,20260817,2,covariates,9,3.824794898038516,56.23413251903491
1,20260817,2,panel,9,2.6464676340146998,10.0
1,20260817,2,combined,9,2.4915291115186546,56.23413251903491
1,20260817,3,median,11,5.0,
1,20260817,3,covariates,11,4.78005725036817,1000.0
1,20260817,3,panel,11,3.8944194560664154,3.1622776601683795
1,20260817,3,combined,11,4.729732250795083,3.1622776601683795
1,20260817,4,median,10,2.9,
1,20260817,4,covariates,10,3.9592754791616342,100.0
1,20260817,4,panel,10,2.645437506494976,17.78279410038923
1,20260817,4,combined,10,2.6311201987001365,56.23413251903491
2,20260818,0,median,11,3.6363636363636362,
2,20260818,0,covariates,11,3.9038908237469716,1000.0
2,20260818,0,panel,11,2.4140180715442323,17.78279410038923
2,20260818,0,combined,11,2.3485902478856495,17.78279410038923
2,20260818,1,median,10,4.6,
2,20260818,1,covariates,10,5.602044416773256,31.622776601683793
2,20260818,1,panel,10,3.0501839308074166,31.622776601683793
2,20260818,1,combined,10,3.6097381988453265,31.622776601683793
2,20260818,2,median,13,4.153846153846154,
2,20260818,2,covariates,13,4.17962785668032,56.23413251903491
2,20260818,2,panel,13,2.8301114489795705,10.0
2,20260818,2,combined,13,2.6504374927820944,31.622776601683793
2,20260818,3,median,8,3.625,
2,20260818,3,covariates,8,6.262095372898892,5.623413251903491
2,20260818,3,panel,8,3.574223296422435,3.1622776601683795
2,20260818,3,combined,8,3.7045734969102155,56.23413251903491
2,20260818,4,median,7,5.928571428571429,
2,20260818,4,covariates,7,5.370534514558514,1000.0
2,20260818,4,panel,7,3.068757122299957,17.78279410038923
2,20260818,4,combined,7,3.575970571457874,56.23413251903491
3,20260819,0,median,8,3.75,
3,20260819,0,covariates,8,4.631476438273477,56.23413251903491
3,20260819,0,panel,8,3.2490917556988155,56.23413251903491
3,20260819,0,combined,8,3.615861031782085,31.622776601683793
3,20260819,1,median,11,3.3181818181818183,
3,20260819,1,covariates,11,4.2732276126781725,31.622776601683793
3,20260819,1,panel,11,2.356462044344659,31.622776601683793
3,20260819,1,combined,11,2.6137015474581586,31.622776601683793
3,20260819,2,median,9,5.888888888888889,
3,20260819,2,covariates,9,6.17793871929486,1000.0
3,20260819,2,panel,9,3.834995666442425,10.0
3,20260819,2,combined,9,3.6561735267641904,31.622776601683793
3,20260819,3,median,11,4.409090909090909,
3,20260819,3,covariates,11,4.328176582682946,31.622776601683793
3,20260819,3,panel,11,1.9017942572205273,31.622776601683793
3,20260819,3,combined,11,2.2736123573521883,56.23413251903491
3,20260819,4,median,10,4.6,
3,20260819,4,covariates,10,3.801198256129568,31.622776601683793
3,20260819,4,panel,10,3.589856808199348,1.0
3,20260819,4,combined,10,2.4407838846285514,56.23413251903491
4,20260820,0,median,10,5.0,
4,20260820,0,covariates,10,5.186550611917442,1000.0
4,20260820,0,panel,10,2.9690595417849317,31.622776601683793
4,20260820,0,combined,10,3.3698003077780543,100.0
4,20260820,1,median,9,3.5555555555555554,
4,20260820,1,covariates,9,4.222825945913554,1000.0
4,20260820,1,panel,9,1.795001067843997,31.622776601683793
4,20260820,1,combined,9,2.3178969332189427,56.23413251903491
4,20260820,2,median,13,4.615384615384615,
4,20260820,2,covariates,13,3.676585812680969,100.0
4,20260820,2,panel,13,2.170617461039183,56.23413251903491
4,20260820,2,combined,13,2.3447398907700294,31.622776601683793
4,20260820,3,median,8,3.25,
4,20260820,3,covariates,8,4.309012769091772,56.23413251903491
4,20260820,3,panel,8,2.854532574603842,56.23413251903491
4,20260820,3,combined,8,3.554660251225817,5.623413251903491
4,20260820,4,median,9,4.333333333333333,
4,20260820,4,covariates,9,4.449627567991961,1000.0
4,20260820,4,panel,9,3.50611594579772,31.622776601683793
4,20260820,4,combined,9,3.4142790034285864,31.622776601683793
5,20260821,0,median,10,3.3,
5,20260821,0,covariates,10,4.084958524280946,1000.0
5,20260821,0,panel,10,1.8572225645379241,56.23413251903491
5,20260821,0,combined,10,1.8940448511494505,56.23413251903491
5,20260821,1,median,11,5.7272727272727275,
5,20260821,1,covariates,11,5.649653643484935,1000.0
5,20260821,1,panel,11,2.7517411309766953,56.23413251903491
5,20260821,1,combined,11,3.2849961781940986,56.23413251903491
5,20260821,2,median,8,6.0,
5,20260821,2,covariates,8,4.953132274505823,1000.0
5,20260821,2,panel,8,3.956567686010322,56.23413251903491
5,20260821,2,combined,8,3.7767016828982687,56.23413251903491
5,20260821,3,median,10,2.7,
5,20260821,3,covariates,10,4.255178999834501,56.23413251903491
5,20260821,3,panel,10,2.49547845490587,3.1622776601683795
5,20260821,3,combined,10,3.1530265059084677,100.0
5,20260821,4,median,10,4.9,
5,20260821,4,covariates,10,4.329611594647117,56.23413251903491
5,20260821,4,panel,10,3.106613145168608,31.622776601683793
5,20260821,4,combined,10,3.311403873147852,56.23413251903491
6,20260822,0,median,8,3.625,
6,20260822,0,covariates,8,3.853505400247533,31.622776601683793
6,20260822,0,panel,8,1.6135457045015271,56.23413251903491
6,20260822,0,combined,8,1.9202671897603945,100.0
6,20260822,1,median,11,3.6363636363636362,
6,20260822,1,covariates,11,3.824117282464167,56.23413251903491
6,20260822,1,panel,11,3.178910381847018,10.0
6,20260822,1,combined,11,3.3344256145608853,17.78279410038923
6,20260822,2,median,11,4.2727272727272725,
6,20260822,2,covariates,11,5.706055233455105,31.622776601683793
6,20260822,2,panel,11,2.8257398555184055,31.622776601683793
6,20260822,2,combined,11,3.2414267422406144,17.78279410038923
6,20260822,3,median,10,5.1,
6,20260822,3,covariates,10,5.202956608010711,1000.0
6,20260822,3,panel,10,2.556031696512957,17.78279410038923
6,20260822,3,combined,10,2.4804373476903647,56.23413251903491
6,20260822,4,median,9,3.6666666666666665,
6,20260822,4,covariates,9,3.551494157944339,1000.0
6,20260822,4,panel,9,2.8382464701529018,3.1622776601683795
6,20260822,4,combined,9,2.9118688808012965,56.23413251903491
7,20260823,0,median,13,5.461538461538462,
7,20260823,0,covariates,13,4.719565057993986,31.622776601683793
7,20260823,0,panel,13,3.3373579837230616,5.623413251903491
7,20260823,0,combined,13,2.1928986486647273,56.23413251903491
7,20260823,1,median,10,3.1,
7,20260823,1,covariates,10,5.051823965362288,31.622776601683793
7,20260823,1,panel,10,3.676452965047102,56.23413251903491
7,20260823,1,combined,10,4.229725267050538,56.23413251903491
7,20260823,2,median,10,4.9,
7,20260823,2,covariates,10,4.091048244158638,56.23413251903491
7,20260823,2,panel,10,3.5158212714732047,0.1778279410038923
7,20260823,2,combined,10,4.01112598842092,10.0
7,20260823,3,median,9,4.555555555555555,
7,20260823,3,covariates,9,4.928668596299496,1000.0
7,20260823,3,panel,9,3.2422605656194694,31.622776601683793
7,20260823,3,combined,9,2.966547140693604,100.0
7,20260823,4,median,7,3.0,
7,20260823,4,covariates,7,3.517560992878122,100.0
7,20260823,4,panel,7,2.452027626791202,10.0
7,20260823,4,combined,7,1.7512385834936453,31.622776601683793
8,20260824,0,median,9,6.111111111111111,
8,20260824,0,covariates,9,5.724911718647495,1000.0
8,20260824,0,panel,9,3.8388587042022033,17.78279410038923
8,20260824,0,combined,9,3.761392762558322,17.78279410038923
8,20260824,1,median,9,4.444444444444445,
8,20260824,1,covariates,9,4.225788520509496,100.0
8,20260824,1,panel,9,1.9917455921891944,56.23413251903491
8,20260824,1,combined,9,2.207617064943552,100.0
8,20260824,2,median,10,4.5,
8,20260824,2,covariates,10,5.276323589074556,100.0
8,20260824,2,panel,10,2.593627999617862,31.622776601683793
8,20260824,2,combined,10,3.13615100395334,17.78279410038923
8,20260824,3,median,12,3.0833333333333335,
8,20260824,3,covariates,12,4.161655515288161,31.622776601683793
8,20260824,3,panel,12,3.5401865216768793,1.7782794100389228
8,20260824,3,combined,12,2.035114548910862,56.23413251903491
8,20260824,4,median,9,2.5555555555555554,
8,20260824,4,covariates,9,3.164092552450688,100.0
8,20260824,4,panel,9,3.4399632829809965,56.23413251903491
8,20260824,4,combined,9,4.0351251888796655,17.78279410038923
9,20260825,0,median,10,2.9,
9,20260825,0,covariates,10,4.021444212006695,5.623413251903491
9,20260825,0,panel,10,3.7265280692450817,17.78279410038923
9,20260825,0,combined,10,3.626391624907228,56.23413251903491
9,20260825,1,median,10,4.3,
9,20260825,1,covariates,10,5.860553477588352,10.0
9,20260825,1,panel,10,2.240356223224086,56.23413251903491
9,20260825,1,combined,10,2.6153762867659096,56.23413251903491
9,20260825,2,median,10,3.9,
9,20260825,2,covariates,10,5.1881325543370735,17.78279410038923
9,20260825,2,panel,10,1.3669029810168893,17.78279410038923
9,20260825,2,combined,10,2.524613191066452,17.78279410038923
9,20260825,3,median,10,5.6,
9,20260825,3,covariates,10,5.516714742059678,1000.0
9,20260825,3,panel,10,3.926523269729505,17.78279410038923
9,20260825,3,combined,10,5.28578356611912,1.7782794100389228
9,20260825,4,median,9,4.555555555555555,
9,20260825,4,covariates,9,4.62906949643746,1000.0
9,20260825,4,panel,9,3.2697597943804126,10.0
9,20260825,4,combined,9,3.016138908490715,31.622776601683793
10,20260826,0,median,10,4.9,
10,20260826,0,covariates,10,4.989534297455375,1000.0
10,20260826,0,panel,10,4.12281259592684,56.23413251903491
10,20260826,0,combined,10,4.440103106129722,31.622776601683793
10,20260826,1,median,11,5.2727272727272725,
10,20260826,1,covariates,11,4.813319748915436,56.23413251903491
10,20260826,1,panel,11,3.6259277390963685,1.7782794100389228
10,20260826,1,combined,11,3.3819757050755737,56.23413251903491
10,20260826,2,median,10,4.6,
10,20260826,2,covariates,10,4.712912520197438,177.82794100389228
10,20260826,2,panel,10,2.277299011573054,56.23413251903491
10,20260826,2,combined,10,2.558472011751189,56.23413251903491
10,20260826,3,median,10,4.8,
10,20260826,3,covariates,10,4.9424418329514275,1000.0
10,20260826,3,panel,10,1.5655628619323632,10.0
10,20260826,3,combined,10,2.1689234319388233,56.23413251903491
10,20260826,4,median,8,3.25,
10,20260826,4,covariates,8,3.825120782171901,31.622776601683793
10,20260826,4,panel,8,2.4217682633714035,56.23413251903491
10,20260826,4,combined,8,2.8882949426808624,31.622776601683793
11,20260827,0,median,9,4.777777777777778,
11,20260827,0,covariates,9,5.781729936121061,31.622776601683793
11,20260827,0,panel,9,3.4769811397313384,17.78279410038923
11,20260827,0,combined,9,4.136146576799149,3.1622776601683795
11,20260827,1,median,10,4.4,
11,20260827,1,covariates,10,4.239634121224354,1000.0
11,20260827,1,panel,10,2.5711171572246605,56.23413251903491
11,20260827,1,combined,10,2.3642092822658762,56.23413251903491
11,20260827,2,median,11,4.363636363636363,
11,20260827,2,covariates,11,6.246099507879365,5.623413251903491
11,20260827,2,panel,11,3.0642608415666928,10.0
11,20260827,2,combined,11,3.9577109270742343,5.623413251903491
11,20260827,3,median,9,2.4444444444444446,
11,20260827,3,covariates,9,3.674370549730873,56.23413251903491
11,20260827,3,panel,9,1.9839969408608467,17.78279410038923
11,20260827,3,combined,9,2.2230524091880777,56.23413251903491
11,20260827,4,median,10,4.3,
11,20260827,4,covariates,10,3.8901301081817605,31.622776601683793
11,20260827,4,panel,10,2.448599314113599,31.622776601683793
11,20260827,4,combined,10,2.5037695756051446,56.23413251903491
12,20260828,0,median,10,4.6,
12,20260828,0,covariates,10,4.872636044739614,316.22776601683796
12,20260828,0,panel,10,1.8356443322676188,56.23413251903491
12,20260828,0,combined,10,2.3156637259193134,56.23413251903491
12,20260828,1,median,11,4.2727272727272725,
12,20260828,1,covariates,11,4.561872514843383,31.622776601683793
12,20260828,1,panel,11,3.0141273932761337,1.7782794100389228
12,20260828,1,combined,11,3.170736529991609,56.23413251903491
12,20260828,2,median,10,3.5,
12,20260828,2,covariates,10,3.3459161021449555,100.0
12,20260828,2,panel,10,2.4234831240294956,17.78279410038923
12,20260828,2,combined,10,1.875056783954563,56.23413251903491
12,20260828,3,median,9,5.666666666666667,
12,20260828,3,covariates,9,5.50841830344243,1000.0
12,20260828,3,panel,9,4.0373548878772345,56.23413251903491
12,20260828,3,combined,9,3.9160195759091496,56.23413251903491
12,20260828,4,median,9,4.833333333333333,
12,20260828,4,covariates,9,4.332648397983369,56.23413251903491
12,20260828,4,panel,9,3.156890841571673,56.23413251903491
12,20260828,4,combined,9,3.1394020610994193,56.23413251903491
13,20260829,0,median,9,3.888888888888889,
13,20260829,0,covariates,9,4.095106895043516,100.0
13,20260829,0,panel,9,3.2414431276239313,3.1622776601683795
13,20260829,0,combined,9,3.6516059368763902,3.1622776601683795
13,20260829,1,median,9,4.888888888888889,
13,20260829,1,covariates,9,5.314055687862235,1000.0
13,20260829,1,panel,9,2.4350405212430872,17.78279410038923
13,20260829,1,combined,9,2.3391975209791385,17.78279410038923
13,20260829,2,median,9,6.444444444444445,
13,20260829,2,covariates,9,5.406938049769423,1000.0
13,20260829,2,panel,9,3.9704412584653883,0.5623413251903491
13,20260829,2,combined,9,5.2906335018647175,0.31622776601683794
13,20260829,3,median,9,3.111111111111111,
13,20260829,3,covariates,9,4.173442381869503,1000.0
13,20260829,3,panel,9,2.645760269723591,56.23413251903491
13,20260829,3,combined,9,3.5731898315792106,17.78279410038923
13,20260829,4,median,13,3.230769230769231,
13,20260829,4,covariates,13,3.641613150642291,56.23413251903491
13,20260829,4,panel,13,2.2659599484217967,56.23413251903491
13,20260829,4,combined,13,2.26824372428801,56.23413251903491
14,20260830,0,median,11,5.318181818181818,
14,20260830,0,covariates,11,4.978643201908912,100.0
14,20260830,0,panel,11,2.739996268511423,56.23413251903491
14,20260830,0,combined,11,3.425251971704165,100.0
14,20260830,1,median,10,4.2,
14,20260830,1,covariates,10,3.9108301053840755,56.23413251903491
14,20260830,1,panel,10,2.7461018853991686,17.78279410038923
14,20260830,1,combined,10,2.883660984087099,31.622776601683793
14,20260830,2,median,10,4.9,
14,20260830,2,covariates,10,4.896182451856255,1000.0
14,20260830,2,panel,10,2.2576309673577257,5.623413251903491
14,20260830,2,combined,10,3.0283813731667513,56.23413251903491
14,20260830,3,median,10,4.6,
14,20260830,3,covariates,10,4.247241401076856,1000.0
14,20260830,3,panel,10,2.8699721315006275,5.623413251903491
14,20260830,3,combined,10,3.303170831075891,31.622776601683793
14,20260830,4,median,8,3.375,
14,20260830,4,covariates,8,3.5265748723946504,17.78279410038923
14,20260830,4,panel,8,1.9307095377398058,10.0
14,20260830,4,combined,8,2.163428666064876,31.622776601683793
15,20260831,0,median,10,4.5,
15,20260831,0,covariates,10,6.4477551151675,17.78279410038923
15,20260831,0,panel,10,3.049103493314601,10.0
15,20260831,0,combined,10,3.7637196601907483,31.622776601683793
15,20260831,1,median,10,5.1,
15,20260831,1,covariates,10,5.036788794254547,1000.0
15,20260831,1,panel,10,3.2974262585969827,31.622776601683793
15,20260831,1,combined,10,3.396160272389152,31.622776601683793
15,20260831,2,median,9,3.0,
15,20260831,2,covariates,9,2.845387422165695,1000.0
15,20260831,2,panel,9,2.6240091013437428,5.623413251903491
15,20260831,2,combined,9,2.126739576391509,31.622776601683793
15,20260831,3,median,10,4.8,
15,20260831,3,covariates,10,5.422005261641127,56.23413251903491
15,20260831,3,panel,10,3.016489343129599,31.622776601683793
15,20260831,3,combined,10,3.6510790427771127,100.0
15,20260831,4,median,10,2.9,
15,20260831,4,covariates,10,3.485017655396779,56.23413251903491
15,20260831,4,panel,10,1.960472367867813,31.622776601683793
15,20260831,4,combined,10,2.0217991535289834,56.23413251903491
16,20260832,0,median,9,6.222222222222222,
16,20260832,0,covariates,9,6.246201281175657,1000.0
16,20260832,0,panel,9,4.94485950581861,17.78279410038923
16,20260832,0,combined,9,4.625514493993061,17.78279410038923
16,20260832,1,median,13,4.846153846153846,
16,20260832,1,covariates,13,3.905020584980295,56.23413251903491
16,20260832,1,panel,13,1.8905315962338964,31.622776601683793
16,20260832,1,combined,13,2.0477335972477095,56.23413251903491
16,20260832,2,median,9,4.5,
16,20260832,2,covariates,9,5.1137950161732295,31.622776601683793
16,20260832,2,panel,9,2.026643887505262,31.622776601683793
16,20260832,2,combined,9,2.140416613010866,56.23413251903491
16,20260832,3,median,9,1.7777777777777777,
16,20260832,3,covariates,9,2.4559869176514244,56.23413251903491
16,20260832,3,panel,9,2.2114518186706817,56.23413251903491
16,20260832,3,combined,9,2.066505988394626,100.0
16,20260832,4,median,9,3.888888888888889,
16,20260832,4,covariates,9,3.942425919660665,1000.0
16,20260832,4,panel,9,2.1413912888638924,56.23413251903491
16,20260832,4,combined,9,2.346280066352397,56.23413251903491
17,20260833,0,median,10,4.2,
17,20260833,0,covariates,10,3.9515509156163304,100.0
17,20260833,0,panel,10,1.8740029012695856,31.622776601683793
17,20260833,0,combined,10,2.512479743706614,56.23413251903491
17,20260833,1,median,12,3.25,
17,20260833,1,covariates,12,3.5948647456008467,0.001
17,20260833,1,panel,12,3.153823868684904,5.623413251903491
17,20260833,1,combined,12,3.265624366782921,31.622776601683793
17,20260833,2,median,9,4.555555555555555,
17,20260833,2,covariates,9,5.1496821803243815,1000.0
17,20260833,2,panel,9,3.479698861413482,31.622776601683793
17,20260833,2,combined,9,3.508045258464596,56.23413251903491
17,20260833,3,median,9,5.777777777777778,
17,20260833,3,covariates,9,6.172946186641737,100.0
17,20260833,3,panel,9,2.3336993708053466,31.622776601683793
17,20260833,3,combined,9,2.971079848937693,56.23413251903491
17,20260833,4,median,9,2.888888888888889,
17,20260833,4,covariates,9,4.664143679698512,10.0
17,20260833,4,panel,9,2.034770902008768,31.622776601683793
17,20260833,4,combined,9,2.6550415251248562,17.78279410038923
18,20260834,0,median,8,4.75,
18,20260834,0,covariates,8,5.683663967773302,56.23413251903491
18,20260834,0,panel,8,2.8254865058530507,56.23413251903491
18,20260834,0,combined,8,3.7540817606452803,177.82794100389228
18,20260834,1,median,10,4.9,
18,20260834,1,covariates,10,4.570730281090066,1000.0
18,20260834,1,panel,10,2.4632869662617316,31.622776601683793
18,20260834,1,combined,10,2.4263611317078744,56.23413251903491
18,20260834,2,median,12,2.5,
18,20260834,2,covariates,12,3.593241209206368,17.78279410038923
18,20260834,2,panel,12,1.8676657617985146,5.623413251903491
18,20260834,2,combined,12,1.6034971534472895,56.23413251903491
18,20260834,3,median,12,4.583333333333333,
18,20260834,3,covariates,12,4.778542869993912,1000.0
18,20260834,3,panel,12,3.446910128567795,0.31622776601683794
18,20260834,3,combined,12,3.5203534704331396,31.622776601683793
18,20260834,4,median,7,4.0,
18,20260834,4,covariates,7,4.471323318465317,17.78279410038923
18,20260834,4,panel,7,2.64086887395627,31.622776601683793
18,20260834,4,combined,7,2.9392004761807264,56.23413251903491
19,20260835,0,median,9,3.888888888888889,
19,20260835,0,covariates,9,5.776639381177185,3.1622776601683795
19,20260835,0,panel,9,2.7493958947748616,0.5623413251903491
19,20260835,0,combined,9,2.9700397420553593,56.23413251903491
19,20260835,1,median,10,5.3,
19,20260835,1,covariates,10,4.545453951728916,17.78279410038923
19,20260835,1,panel,10,2.5080192693245693,17.78279410038923
19,20260835,1,combined,10,3.0338628326732766,31.622776601683793
19,20260835,2,median,9,3.1666666666666665,
19,20260835,2,covariates,9,4.009587879840789,100.0
19,20260835,2,panel,9,2.043488813713756,31.622776601683793
19,20260835,2,combined,9,2.886571346989256,17.78279410038923
19,20260835,3,median,10,5.7,
19,20260835,3,covariates,10,6.236836195248752,1000.0
19,20260835,3,panel,10,4.162348793862077,31.622776601683793
19,20260835,3,combined,10,4.418955394205333,56.23413251903491
19,20260835,4,median,11,3.272727272727273,
19,20260835,4,covariates,11,2.9722810278714644,100.0
19,20260835,4,panel,11,2.0956387113614423,56.23413251903491
19,20260835,4,combined,11,2.2397626571109197,56.23413251903491
